complications,major_complications,minor_complications,reinterventions
0.025377973076854,0.000291537237683237,0.424268928474211,0.00226515924838905
