fenestrated,N,complications,complications_sd,major_complications,major_complications_sd,minor_complications,minor_complications,reinterventions,reinterventions
No,466,52.1459227467811,50.0076139848577,25.5364806866953,43.6534712023901,41.4163090128755,49.310629098058,22.3175965665236,41.6822851340474
Yes,34,73.5294117647059,44.7811075519899,55.8823529411765,50.3994737261378,50,50.7519218922552,47.0588235294118,50.6640397104899
